"","X","pitcher_name"
"1",1,NA
"2",2,"Odalis Perez"
"3",3,"Tim Hudson"
"4",4,"Saul Rivera"
"5",5,"Ray King"
"6",6,"Luis Ayala"
"7",7,"Will Ohman"
"8",8,"Peter Moylan"
"9",9,"Jon Rauch"
"10",10,"Livan Hernandez"
"11",11,"Jered Weaver"
"12",12,"Darren Oliver"
"13",13,"Pat Neshek"
"14",14,"Darren O'Day"
"15",15,"Joe Nathan"
"16",16,"Aaron Harang"
"17",17,"Brandon Webb"
"18",18,"Jared Burton"
"19",19,"Chad Qualls"
"20",20,"David Weathers"
"21",21,"Tony Pena"
"22",22,"Francisco Cordero"
"23",23,"Brandon Lyon"
"24",24,"C.C. Sabathia"
"25",25,"Mark Buehrle"
"26",26,"Nick Masset"
"27",27,"Jensen Lewis"
"28",28,"Rafael Perez"
"29",29,"Rafael Betancourt"
"30",30,"Boone Logan"
"31",31,"Octavio Dotel"
"32",32,"Joe Borowski"
"33",33,"Jake Peavy"
"34",34,"Roy Oswalt"
"35",35,"Dave Borkowski"
"36",36,"Brian Moehler"
"37",37,"Wesley Wright"
"38",38,"Heath Bell"
"39",39,"Geoff Geary"
"40",40,"Cla Meredith"
"41",41,"Justin Verlander"
"42",42,"Gil Meche"
"43",43,"Jason Grilli"
"44",44,"Bobby Seay"
"45",45,"Aquilino Lopez"
"46",46,"Brett Tomko"
"47",47,"Todd Jones"
"48",48,"Juan Carlos Oviedo"
"49",49,"Denny Bautista"
"50",50,"Joakim Soria"
"51",51,"Carlos Zambrano"
"52",52,"Ben Sheets"
"53",53,"Carlos Marmol"
"54",54,"Salomon Torres"
"55",55,"Guillermo Mota"
"56",56,"Kerry Wood"
"57",57,"Eric Gagne"
"58",58,"Bob Howry"
"59",59,"David Riske"
"60",60,"Mark Hendrickson"
"61",61,"Johan Santana"
"62",62,"Ricky Nolasco"
"63",63,"Matt Wise"
"64",64,"Scott Schoeneweis"
"65",65,"Jorge Sosa"
"66",66,"Matt Lindstrom"
"67",67,"Aaron Heilman"
"68",68,"Tom Glavine"
"69",69,"Ian Snell"
"70",70,"Chris Resop"
"71",71,"Royce Ring"
"72",72,"Tyler Yates"
"73",73,"Manny Acosta"
"74",74,"Jeff Bennett"
"75",75,"John Grabow"
"76",76,"Damaso Marte"
"77",77,"Matt Capps"
"78",78,"Rafael Soriano"
"79",79,"Franquelis Osoria"
"80",80,"Blaine Boyer"
"81",81,"Brad Penny"
"82",82,"Barry Zito"
"83",83,"Merkin Valdez"
"84",84,"Scott Proctor"
"85",85,"Keiichi Yabu"
"86",86,"Joe Beimel"
"87",87,"Erick Threets"
"88",88,"Takashi Saito"
"89",89,"Jeremy Guthrie"
"90",90,"James Shields"
"91",91,"Matt Albers"
"92",92,"Trever Miller"
"93",93,"Al Reyes"
"94",94,"Brian Burres"
"95",95,"Dan Wheeler"
"96",96,"Erik Bedard"
"97",97,"Kevin Millwood"
"98",98,"Sean Green"
"99",99,"Eric O'Flaherty"
"100",100,"Kazuo Fukumori"
"101",101,"Franklyn German"
"102",102,"Mark Lowe"
"103",103,"J.J. Putz"
"104",104,"Brett Myers"
"105",105,"Matt Chico"
"106",106,"Ryan Madson"
"107",107,"Joel Hanrahan"
"108",108,"Chad Durbin"
"109",109,"J.C. Romero"
"110",110,"Tom Gordon"
"111",111,"Clay Condrey"
"112",112,"Jesus Colome"
"113",113,"Boof Bonser"
"114",114,"Jon Garland"
"115",115,"Jesse Crain"
"116",116,"Dennys Reyes"
"117",117,"Brian Bass"
"118",118,"Juan Rincon"
"119",119,"Joe Blanton"
"120",120,"Daisuke Matsuzaka"
"121",121,"Santiago Casilla"
"122",122,"Hideki Okajima"
"123",123,"Jonathan Papelbon"
"124",124,"Keith Foulke"
"125",125,"Kyle Lohse"
"126",126,"Kip Wells"
"127",127,"Kyle McClellan"
"128",128,"Micah Bowie"
"129",129,"Russ Springer"
"130",130,"Taylor Buchholz"
"131",131,"Ryan Franklin"
"132",132,"Randy Flores"
"133",133,"Brian Fuentes"
"134",134,"Jason Isringhausen"
"135",135,"Manuel Corpas"
"136",136,"Chris Young"
"137",137,"Brandon Backe"
"138",138,"Joe Thatcher"
"139",139,"Oscar Villarreal"
"140",140,"Doug Brocail"
"141",141,"Trevor Hoffman"
"142",142,"Henricus VandenHurk"
"143",143,"Pedro Martinez"
"144",144,"Renyel Pinto"
"145",145,"Lee Gardner"
"146",146,"Logan Kensing"
"147",147,"Joe Smith"
"148",148,"Taylor Tankersley"
"149",149,"Kevin Gregg"
"150",150,"Justin Miller"
"151",151,"Derek Lowe"
"152",152,"Matt Cain"
"153",153,"Jack Taschner"
"154",154,"Ramon Troncoso"
"155",155,"Brad Hennessey"
"156",156,"Tyler Walker"
"157",157,"Jonathan Broxton"
"158",158,"Felix Hernandez"
"159",159,"Vicente Padilla"
"160",160,"Eddie Guardado"
"161",161,"Joaquin Benoit"
"162",162,"C.J. Wilson"
"163",163,"Chien-Ming Wang"
"164",164,"Roy Halladay"
"165",165,"Joba Chamberlain"
"166",166,"Scott Downs"
"167",167,"Mariano Rivera"
"168",168,"Nick Blackburn"
"169",169,"Joe Saunders"
"170",170,"Matt Guerrier"
"171",171,"Francisco Rodriguez"
"172",172,"Bronson Arroyo"
"173",173,"Dan Haren"
"174",174,"Todd Coffey"
"175",175,"Kent Mercker"
"176",176,"Jeremy Affeldt"
"177",177,"Rich Harden"
"178",178,"Jon Lester"
"179",179,"Andrew Brown"
"180",180,"Alan Embree"
"181",181,"Bryan Corey"
"182",182,"Lenny DiNardo"
"183",183,"Huston Street"
"184",184,"Manny Delcarmen"
"185",185,"Roberto Hernandez"
"186",186,"Javier Vazquez"
"187",187,"Mike MacDougal"
"188",188,"Masahide Kobayashi"
"189",189,"Matt Thornton"
"190",190,"Jorge Julio"
"191",191,"Todd Wellemeyer"
"192",192,"Aaron Cook"
"193",193,"Matt Herges"
"194",194,"Ron Villone"
"195",195,"Luis Vizcaino"
"196",196,"Greg Maddux"
"197",197,"Wandy Rodriguez"
"198",198,"Jose Valverde"
"199",199,"Enrique Gonzalez"
"200",200,"Kenny Rogers"
"201",201,"Brian Bannister"
"202",202,"Zach Miner"
"203",203,"Yorman Bazardo"
"204",204,"Ted Lilly"
"205",205,"Jeff Suppan"
"206",206,"Kevin Hart"
"207",207,"Michael Wuertz"
"208",208,"Carmen Pignatiello"
"209",209,"Andrew Miller"
"210",210,"Oliver Perez"
"211",211,"Nelson Figueroa"
"212",212,"Pedro Feliciano"
"213",213,"Billy Wagner"
"214",214,"Jair Jurrjens"
"215",215,"Tom Gorzelanny"
"216",216,"Evan Meek"
"217",217,"Hong-Chih Kuo"
"218",218,"Tim Lincecum"
"219",219,"Chad Billingsley"
"220",220,"Esteban Loaiza"
"221",221,"Brian Wilson"
"222",222,"Daniel Cabrera"
"223",223,"Matt Garza"
"224",224,"Randor Bierd"
"225",225,"Gary Glover"
"226",226,"Chad Bradford"
"227",227,"Jamie Walker"
"228",228,"Scott Dohmann"
"229",229,"George Sherrill"
"230",230,"Carlos Silva"
"231",231,"Jason Jennings"
"232",232,"Jamey Wright"
"233",233,"Miguel Batista"
"234",234,"Mike Mussina"
"235",235,"A.J. Burnett"
"236",236,"LaTroy Hawkins"
"237",237,"Brian Tallet"
"238",238,"Kyle Farnsworth"
"239",239,"Ross Ohlendorf"
"240",240,"Jeremy Accardo"
"241",241,"Cole Hamels"
"242",242,"Tim Redding"
"243",243,"Kevin Slowey"
"244",244,"Ervin Santana"
"245",245,"Justin Speier"
"246",246,"Johnny Cueto"
"247",247,"Doug Davis"
"248",248,"Yusmeiro Petit"
"249",249,"Brandon Medders"
"250",250,"Doug Slaten"
"251",251,"Mike Lincoln"
"252",252,"Juan Cruz"
"253",253,"Jake Westbrook"
"254",254,"John Danks"
"255",255,"Scott Linebrink"
"256",256,"Bobby Jenks"
"257",257,"Brad Thompson"
"258",258,"Ubaldo Jimenez"
"259",259,"Anthony Reyes"
"260",260,"Randy Wolf"
"261",261,"Shawn Chacon"
"262",262,"Jeremy Bonderman"
"263",263,"Zack Greinke"
"264",264,"Ramon S. Ramirez"
"265",265,"Ryan Dempster"
"266",266,"Dave Bush"
"267",267,"Seth McClung"
"268",268,"Derrick Turnbow"
"269",269,"Zach Duke"
"270",270,"Phil Hughes"
"271",271,"Dustin McGowan"
"272",272,"Billy Traber"
"273",273,"Brian Bruney"
"274",274,"Brian Wolfe"
"275",275,"Jamie Moyer"
"276",276,"Jason Bergmann"
"277",277,"Rudy Seanez"
"278",278,"Mark Redman"
"279",279,"Micah Owings"
"280",280,"Shaun Marcum"
"281",281,"Tim Wakefield"
"282",282,"David Aardsma"
"283",283,"Javier Lopez"
"284",284,"Nate Robertson"
"285",285,"Jose Contreras"
"286",286,"Justin Duchscherer"
"287",287,"Paul Byrd"
"288",288,"Craig Breslow"
"289",289,"Rich Hill"
"290",290,"Chris Sampson"
"291",291,"Jon Lieber"
"292",292,"Scott Baker"
"293",293,"John Bale"
"294",294,"Jimmy Gobble"
"295",295,"Justin Germano"
"296",296,"Hiroki Kuroda"
"297",297,"Glendon Rusch"
"298",298,"Wilfredo Ledezma"
"299",299,"Josh Fogg"
"300",300,"Kyle Kendrick"
"301",301,"Scott Olsen"
"302",302,"Matt Morris"
"303",303,"Phil Dumatrait"
"304",304,"Steve Trachsel"
"305",305,"Jarrod Washburn"
"306",306,"Dennis Sarfate"
"307",307,"Cha Seung Baek"
"308",308,"Ryan Rowland-Smith"
"309",309,"Roy Corcoran"
"310",310,"Greg Aquino"
"311",311,"Carlos Villanueva"
"312",312,"Jonathan Sanchez"
"313",313,"Brian Shouse"
"314",314,"Ian Kennedy"
"315",315,"Andy Sonnanstine"
"316",316,"Jonathan Albaladejo"
"317",317,"Dustin Moseley"
"318",318,"Kason Gabbard"
"319",319,"Jason Bulger"
"320",320,"Rich Thompson"
"321",321,"Dustin Nippert"
"322",322,"Braden Looper"
"323",323,"Chris Schroder"
"324",324,"Jeff Francis"
"325",325,"Jesse Litsch"
"326",326,"Clay Buchholz"
"327",327,"Kyle Snyder"
"328",328,"Julian Tavarez"
"329",329,"Jason Frasor"
"330",330,"Randy Wells"
"331",331,"Dontrelle Willis"
"332",332,"Gavin Floyd"
"333",333,"Francis Beltran"
"334",334,"Dana Eveland"
"335",335,"Jason Marquis"
"336",336,"Ron Mahay"
"337",337,"Yasuhiko Yabuta"
"338",338,"John Maine"
"339",339,"Adam Eaton"
"340",340,"Paul Maholm"
"341",341,"Adam Loewen"
"342",342,"Manny Parra"
"343",343,"Kevin Correia"
"344",344,"Andy Pettitte"
"345",345,"Edwin Jackson"
"346",346,"Troy Percival"
"347",347,"Adam Wainwright"
"348",348,"Franklin Morales"
"349",349,"Edgar Gonzalez"
"350",350,"Ryan Speier"
"351",351,"Josh Beckett"
"352",352,"Cliff Lee"
"353",353,"John Smoltz"
"354",354,"Edinson Volquez"
"355",355,"Brad Lidge"
"356",356,"J.P. Howell"
"357",357,"Scot Shields"
"358",358,"John Lannan"
"359",359,"Chan Ho Park"
"360",360,"Kelvin Jimenez"
"361",361,"Jason Hammel"
"362",362,"Josh Rupe"
"363",363,"Chad Gaudin"
"364",364,"Brandon League"
"365",365,"Carlos Muniz"
"366",366,"Chuck James"
"367",367,"Sean Marshall"
"368",368,"Burke Badenhop"
"369",369,"Greg Smith"
"370",370,"Fernando Hernandez"
"371",371,"Mike Pelfrey"
"372",372,"Jae Kuk Ryu"
"373",373,"Hideo Nomo"
"374",374,"Joey Devine"
"375",375,"Jesse Carlson"
"376",376,"Mike Timlin"
"377",377,"Jailen Peguero"
"378",378,"Luis Mendoza"
"379",379,"Jorge Campillo"
"380",380,"Chad Cordero"
"381",381,"Jeff Niemann"
"382",382,"Jim Johnson"
"383",383,"Clay Rapada"
"384",384,"Francisco Liriano"
"385",385,"Joel Pineiro"
"386",386,"Scott Feldman"
"387",387,"B.J. Ryan"
"388",388,"Wes Littleton"
"389",389,"Randy Johnson"
"390",390,"R.A. Dickey"
"391",391,"Buddy Carlyle"
"392",392,"Kevin Cameron"
"393",393,"Arthur Rhodes"
"394",394,"Kirk Saarloos"
"395",395,"Duaner Sanchez"
"396",396,"Vinnie Chulk"
"397",397,"Armando Galarraga"
"398",398,"Tom Mastny"
"399",399,"Alex Serrano"
"400",400,"Kurt Birkins"
"401",401,"Brandon Morrow"
"402",402,"David Purcey"
"403",403,"Joel Peralta"
"404",404,"Mitch Stetter"
"405",405,"Edwar Ramirez"
"406",406,"Doug Waechter"
"407",407,"Shawn Hill"
"408",408,"Shawn Camp"
"409",409,"Luke Hochevar"
"410",410,"Yovani Gallardo"
"411",411,"Chris Bootcheck"
"412",412,"Matt Belisle"
"413",413,"Tim Byrdak"
"414",414,"David Pauley"
"415",415,"Craig Hansen"
"416",416,"Frank Francisco"
"417",417,"Justin Masterson"
"418",418,"Cory Wade"
"419",419,"Jack Cassel"
"420",420,"Michael O'Connor"
"421",421,"Josh Newman"
"422",422,"Jose Capellan"
"423",423,"Sidney Ponson"
"424",424,"Bobby Korecky"
"425",425,"Jeremy Sowers"
"426",426,"Dallas Braden"
"427",427,"Ehren Wassermann"
"428",428,"Pat Misch"
"429",429,"Horacio Ramirez"
"430",430,"Lance Cormier"
"431",431,"Alberto Castillo"
"432",432,"D.J. Carrasco"
"433",433,"Rocky Cherry"
"434",434,"Aaron Laffey"
"435",435,"Bill Bray"
"436",436,"Max Scherzer"
"437",437,"John Van Benschoten"
"438",438,"Garrett Olson"
"439",439,"Bob McCrory"
"440",440,"Chris Britton"
"441",441,"Francisco Cruceta"
"442",442,"Nick Adenhart"
"443",443,"Chad Fox"
"444",444,"Jo-Jo Reyes"
"445",445,"Jorge De La Rosa"
"446",446,"Jose Veras"
"447",447,"A.J. Murray"
"448",448,"Sean Gallagher"
"449",449,"Darrell Rasner"
"450",450,"Scott Kazmir"
"451",451,"Mike Parisi"
"452",452,"Freddy Dolsi"
"453",453,"Sean Burnett"
"454",454,"Alberto Arias"
"455",455,"Shawn Estes"
"456",456,"Billy Sadler"
"457",457,"Yhency Brazoban"
"458",458,"Kei Igawa"
"459",459,"Scott Eyre"
"460",460,"Glen Perkins"
"461",461,"Greg Reynolds"
"462",462,"Sean Henn"
"463",463,"Douglas Mathis"
"464",464,"Marino Salas"
"465",465,"Armando Benitez"
"466",466,"John Lackey"
"467",467,"Jose Arredondo"
"468",468,"Claudio Vargas"
"469",469,"Alexander Hinshaw"
"470",470,"Chris Perez"
"471",471,"Fernando Nieve"
"472",472,"Phil Stockman"
"473",473,"Mark DiFelice"
"474",474,"Zach Jackson"
"475",475,"Jose Ascanio"
"476",476,"Bartolo Colon"
"477",477,"Mike Adams"
"478",478,"Brian Sanches"
"479",479,"Tim Dillard"
"480",480,"Kameron Loe"
"481",481,"Josh Banks"
"482",482,"Jared Wells"
"483",483,"Charlie Manning"
"484",484,"Eulogio De La Cruz"
"485",485,"Clayton Kershaw"
"486",486,"Scott Elarton"
"487",487,"Joe Nelson"
"488",488,"Edward Mujica"
"489",489,"Neal Cotts"
"490",490,"Neal Musser"
"491",491,"Kiko Calero"
"492",492,"Grant Balfour"
"493",493,"Kyle Davies"
"494",494,"Brad Ziegler"
"495",495,"Scott Patterson"
"496",496,"Robinson Tejeda"
"497",497,"Justin Hampson"
"498",498,"Carlos Guevara"
"499",499,"Gary Majewski"
"500",500,"Radhames Liz"
"501",501,"Daniel Ray Herrera"
"502",502,"Casey Fossum"
"503",503,"Mark Worrell"
"504",504,"Dan Giese"
"505",505,"Elizardo Ramirez"
"506",506,"Rick Bauer"
"507",507,"Homer Bailey"
"508",508,"Mitchell Boggs"
"509",509,"Ryan Tucker"
"510",510,"Jeff Fulchino"
"511",511,"Garrett Mock"
"512",512,"Tyler Clippard"
"513",513,"Jeff Ridgway"
"514",514,"Eric Hurley"
"515",515,"Billy Buckner"
"516",516,"Aaron Miles"
"517",517,"Charlie Morton"
"518",518,"Carlos Rosa"
"519",519,"Eddie Bonine"
"520",520,"Leo Rosales"
"521",521,"Fernando Rodney"
"522",522,"Adam Russell"
"523",523,"Michael Gonzalez"
"524",524,"Eric Stults"
"525",525,"Joel Zumaya"
"526",526,"Daryl Thompson"
"527",527,"Chris Smith"
"528",528,"Ryan Bukvich"
"529",529,"Steven Shell"
"530",530,"T.J. Beam"
"531",531,"Brian Falkenborg"
"532",532,"Sergio Romo"
"533",533,"Fernando Cabrera"
"534",534,"Runelvys Hernandez"
"535",535,"Jimmy Barthmaier"
"536",536,"John Parrish"
"537",537,"Ty Taubenheim"
"538",538,"David Robertson"
"539",539,"Mark Mulder"
"540",540,"Connor Robertson"
"541",541,"Tony Armas"
"542",542,"Romulo Sanchez"
"543",543,"Clay Hensley"
"544",544,"Cesar Jimenez"
"545",545,"Collin Balester"
"546",546,"Cedrick Bowers"
"547",547,"Warner Madrigal"
"548",548,"Osiris Matos"
"549",549,"Brian Slocum"
"550",550,"J.A. Happ"
"551",551,"Jerry Blevins"
"552",552,"Jamie Burke"
"553",553,"Christopher Volstad"
"554",554,"Vladimir Nunez"
"555",555,"Chad Paronto"
"556",556,"R.J. Swindle"
"557",557,"Matt Harrison"
"558",558,"Josh Johnson"
"559",559,"Jaime Garcia"
"560",560,"Joselo Diaz"
"561",561,"Yoslan Herrera"
"562",562,"Matt Ginter"
"563",563,"Jason Johnson"
"564",564,"Geno Espineli"
"565",565,"Juan Morillo"
"566",566,"Tony PenaJr."
"567",567,"Clayton Richard"
"568",568,"Jeff Samardzija"
"569",569,"Mike Hampton"
"570",570,"Brandon Knight"
"571",571,"Valerio De Los Santos"
"572",572,"Jason Davis"
"573",573,"Chris Carpenter"
"574",574,"Scott Richmond"
"575",575,"Anibal Sanchez"
"576",576,"Jeff Karstens"
"577",577,"Tommy Hunter"
"578",578,"Jake Woods"
"579",579,"Eddie Kunz"
"580",580,"Dan Meyer"
"581",581,"Steven Register"
"582",582,"Chris Waters"
"583",583,"Shane Loux"
"584",584,"Les Walrond"
"585",585,"Gio Gonzalez"
"586",586,"Brian Stokes"
"587",587,"Brendan Donnelly"
"588",588,"Lance Broadway"
"589",589,"Charlie Zink"
"590",590,"Francisley Bueno"
"591",591,"Chad Reineke"
"592",592,"Matt Palmer"
"593",593,"Matt DeSalvo"
"594",594,"Ryan Feierabend"
"595",595,"Juan Salas"
"596",596,"Tanyon Sturtze"
"597",597,"Kameron Mickolio"
"598",598,"Marco Estrada"
"599",599,"Brandon McCarthy"
"600",600,"Carl Pavano"
"601",601,"Dirk Hayhurst"
"602",602,"Brandon Duckworth"
"603",603,"Randy Messenger"
"604",604,"Chris Lambert"
"605",605,"Jesse Chavez"
"606",606,"Andrew Carpenter"
"607",607,"Bill White"
"608",608,"Elmer Dessens"
"609",609,"Scott Elbert"
"610",610,"Michael Bowden"
"611",611,"Joshua Geer"
"612",612,"Ramon A. Ramirez"
"613",613,"Alfredo Aceves"
"614",614,"Jim Miller"
"615",615,"Phil Coke"
"616",616,"Justin Thomas"
"617",617,"Angel Guzman"
"618",618,"Jonathon Niese"
"619",619,"Josh Outman"
"620",620,"Levale Speigner"
"621",621,"Michael Hinckley"
"622",622,"Rich Rundles"
"623",623,"Wade LeBlanc"
"624",624,"Jason Hirsh"
"625",625,"Jason Motte"
"626",626,"Philip Humber"
"627",627,"James Parr"
"628",628,"Shairon Martis"
"629",629,"Devon Lowery"
"630",630,"Ricardo Rincon"
"631",631,"Alfredo Simon"
"632",632,"Kevin Jepsen"
"633",633,"Jeff Gray"
"634",634,"Jon Adkins"
"635",635,"Josh Kinney"
"636",636,"Scott Lewis"
"637",637,"Mike Ekstrom"
"638",638,"Josh Roenicke"
"639",639,"John Meloan"
"640",640,"Bryan Bullington"
"641",641,"Jose Mijares"
"642",642,"Charlie Haeger"
"643",643,"Devern Hansack"
"644",644,"Adam Pettyjohn"
"645",645,"David Price"
"646",646,"Mitch Talbot"
"647",647,"Robert Parnell"
"648",648,"Freddy Garcia"
"649",649,"Brian Gordon"
"650",650,"Jesus Delgado"
"651",651,"James McDonald"
"652",652,"Humberto Sanchez"
"653",653,"Luke Gregerson"
"654",654,"Chris Ray"
"655",655,"Andrew Bailey"
"656",656,"Juan Gutierrez"
"657",657,"Edwin Moreno"
"658",658,"Ronald Belisario"
"659",659,"Joe Martinez"
"660",660,"Trevor Cahill"
"661",661,"Donald Veal"
"662",662,"Russ Ortiz"
"663",663,"David Patton"
"664",664,"Ryan Perry"
"665",665,"Walter Silva"
"666",666,"Koji Uehara"
"667",667,"Danys Baez"
"668",668,"Chris Jakubauskas"
"669",669,"Ricky Romero"
"670",670,"Rick Porcello"
"671",671,"Brian Duensing"
"672",672,"Brett Anderson"
"673",673,"Shawn Kelley"
"674",674,"Kris Benson"
"675",675,"Hayden Penn"
"676",676,"Kenshin Kawakami"
"677",677,"Nick Swisher"
"678",678,"Rafael Rodriguez"
"679",679,"Willie Eyre"
"680",680,"Luis Perdomo"
"681",681,"Bill Murphy"
"682",682,"Sean White"
"683",683,"P.J. Walters"
"684",684,"Anthony Claggett"
"685",685,"Daniel Davidson"
"686",686,"Felipe Paulino"
"687",687,"Jordan Zimmermann"
"688",688,"Hunter Jones"
"689",689,"Bradley Bergesen"
"690",690,"Jack Egbert"
"691",691,"Tony Sipp"
"692",692,"Derek Holland"
"693",693,"Matt Daley"
"694",694,"Anthony Ortega"
"695",695,"Mark Melancon"
"696",696,"Graham Taylor"
"697",697,"Cody Ross"
"698",698,"Esmerling Vasquez"
"699",699,"Arturo Lopez"
"700",700,"Jonathan Van Every"
"701",701,"Jeff Weaver"
"702",702,"Fernando Rodriguez"
"703",703,"Robert Ray"
"704",704,"Ken Takahashi"
"705",705,"Denny Stark"
"706",706,"Jason Vargas"
"707",707,"Brett Cecil"
"708",708,"Paul Janish"
"709",709,"Brent Leach"
"710",710,"Josh Wilson"
"711",711,"John Koronka"
"712",712,"Carlos Martinez"
"713",713,"Daniel Bard"
"714",714,"Bryan Augenstein"
"715",715,"Luke French"
"716",716,"Greg Burke"
"717",717,"Eric Milton"
"718",718,"David Huff"
"719",719,"Sergio Escalona"
"720",720,"Ross Detwiler"
"721",721,"Clay Zavada"
"722",722,"Cristhian Martinez"
"723",723,"Kris Medlen"
"724",724,"Craig Stammen"
"725",725,"David Davidson"
"726",726,"Dale Thayer"
"727",727,"Ross Gload"
"728",728,"Anthony Swarzak"
"729",729,"Sean West"
"730",730,"Casey Janssen"
"731",731,"Carlos Fisher"
"732",732,"Roman Colon"
"733",733,"Randy Choate"
"734",734,"Christopher Leroux"
"735",735,"Jason Berken"
"736",736,"David Hernandez"
"737",737,"Daniel Schlereth"
"738",738,"Tomo Ohka"
"739",739,"Guillermo Moscoso"
"740",740,"Jason Waddell"
"741",741,"Steven Jackson"
"742",742,"Mike Burns"
"743",743,"Vincent Mazzaro"
"744",744,"Wes Whisler"
"745",745,"Antonio Bastardo"
"746",746,"Jesse Todd"
"747",747,"Kelvim Escobar"
"748",748,"Matthew Maloney"
"749",749,"Blake Hawksworth"
"750",750,"Tommy Hanson"
"751",751,"Travis Schlichting"
"752",752,"Aaron Poreda"
"753",753,"Jon Switzer"
"754",754,"Chris Narveson"
"755",755,"Sean O'Sullivan"
"756",756,"Winston Abreu"
"757",757,"Brad Mills"
"758",758,"Alfredo Figaro"
"759",759,"Mike Gosling"
"760",760,"Tim Wood"
"761",761,"Virgil Vasquez"
"762",762,"Bruce Chen"
"763",763,"Bob Keppel"
"764",764,"Ryan Sadowski"
"765",765,"Fu-Te Ni"
"766",766,"Clayton Mortensen"
"767",767,"Rodrigo Lopez"
"768",768,"Marc Rzepczynski"
"769",769,"Ryan Webb"
"770",770,"Robert Manuel"
"771",771,"Jeff Stevens"
"772",772,"Tim Stauffer"
"773",773,"Jairo Asencio"
"774",774,"Mat Latos"
"775",775,"Jason Schmidt"
"776",776,"Kevin Mulvey"
"777",777,"J.D. Martin"
"778",778,"Sergio Mitre"
"779",779,"Carlos Torres"
"780",780,"Robert Mosebach"
"781",781,"Jhoulys Chacin"
"782",782,"Casey Fien"
"783",783,"Mark Loretta"
"784",784,"Randy Williams"
"785",785,"Bud Norris"
"786",786,"Mitch Atkins"
"787",787,"Chris Tillman"
"788",788,"Justin Lehr"
"789",789,"Jhonny Nunez"
"790",790,"Neftali Feliz"
"791",791,"Brian Matusz"
"792",792,"Waldis Joaquin"
"793",793,"Junichi Tazawa"
"794",794,"Douglas Fister"
"795",795,"Esmailin Caridad"
"796",796,"Jay Marshall"
"797",797,"Trevor Bell"
"798",798,"Justin Berg"
"799",799,"Cesar Carrillo"
"800",800,"Samuel Gervacio"
"801",801,"Jeff Manship"
"802",802,"Armando Gabino"
"803",803,"Nick Green"
"804",804,"Wilton Lopez"
"805",805,"Pedro Strop"
"806",806,"Daniel McCutchen"
"807",807,"Carlos Carrasco"
"808",808,"Brad Kilby"
"809",809,"Daniel Hudson"
"810",810,"Michael Dunn"
"811",811,"Dan Runzler"
"812",812,"Victor Garate"
"813",813,"Dusty Hughes"
"814",814,"Victor Marte"
"815",815,"Wade Davis"
"816",816,"Josh Towers"
"817",817,"Pedro Viola"
"818",818,"Madison Bumgarner"
"819",819,"Tobi Stoner"
"820",820,"Zack Segovia"
"821",821,"Esmil Rogers"
"822",822,"John Axford"
"823",823,"Cesar Ramos"
"824",824,"Josh Butler"
"825",825,"Henry A. Rodriguez"
"826",826,"Eric Hacker"
"827",827,"Anthony Lerew"
"828",828,"Ernesto Frieri"
"829",829,"Dustin Richardson"
"830",830,"Dusty Brown"
"831",831,"James Russell"
"832",832,"Ramon Ortiz"
"833",833,"Carlos Monasterios"
"834",834,"Jesse English"
"835",835,"David Herndon"
"836",836,"Logan Ondrusek"
"837",837,"Scott Atchison"
"838",838,"Jordan Norberto"
"839",839,"Kanekoa Texeira"
"840",840,"Brad Thomas"
"841",841,"Jenrry Mejia"
"842",842,"Hisanori Takahashi"
"843",843,"Tyson Ross"
"844",844,"Sergio Santos"
"845",845,"Ryota Igarashi"
"846",846,"Alex Burnett"
"847",847,"Bobby Cassevah"
"848",848,"Colby Lewis"
"849",849,"Mike Leake"
"850",850,"Raul Valdes"
"851",851,"Jonny Venters"
"852",852,"Felipe Lopez"
"853",853,"Joe Mather"
"854",854,"Jon Link"
"855",855,"Luis Atilano"
"856",856,"Rommie Lewis"
"857",857,"John Ely"
"858",858,"Daniel Stange"
"859",859,"Hector Ambriz"
"860",860,"Cesar Valdez"
"861",861,"Craig Kimbrel"
"862",862,"Gustavo Chacin"
"863",863,"Blake Wood"
"864",864,"Ivan Nova"
"865",865,"Drew Storen"
"866",866,"Zach Braddock"
"867",867,"Enerio Del Rosario"
"868",868,"Frank Mata"
"869",869,"Jay Buente"
"870",870,"Sam LeCure"
"871",871,"Kevin Cash"
"872",872,"Bill Hall"
"873",873,"Fernando Salas"
"874",874,"Adam Ottavino"
"875",875,"Andrew Cashner"
"876",876,"Casey Daigle"
"877",877,"Chris Capuano"
"878",878,"Frank Herrmann"
"879",879,"Stephen Strasburg"
"880",880,"Brad Lincoln"
"881",881,"Jake Arrieta"
"882",882,"Jordan Smith"
"883",883,"Alexi Ogando"
"884",884,"Sam Demel"
"885",885,"Felix Doubront"
"886",886,"Scott Mathieson"
"887",887,"Scott Strickland"
"888",888,"Jay Sborz"
"889",889,"Michael Zagurski"
"890",890,"Alex Sanabia"
"891",891,"James Houser"
"892",892,"Andrew Oliver"
"893",893,"Brian Sweeney"
"894",894,"Brian Schlitter"
"895",895,"Barry Enright"
"896",896,"Omar Beltre"
"897",897,"Travis Wood"
"898",898,"Robbie Weinhardt"
"899",899,"Evan MacLane"
"900",900,"Jeffrey Marquez"
"901",901,"Ross Wolf"
"902",902,"Jhan Marinez"
"903",903,"Chris Seddon"
"904",904,"Jeanmar Gomez"
"905",905,"Anthony Slama"
"906",906,"Vance Worley"
"907",907,"Kenley Jansen"
"908",908,"Michael Kohn"
"909",909,"Joe Inglett"
"910",910,"Josh Tomlin"
"911",911,"Fernando Abad"
"912",912,"Andy Marte"
"913",913,"Lucas Harrell"
"914",914,"Greg Holland"
"915",915,"Casey Coleman"
"916",916,"Jeremy Hellickson"
"917",917,"Thomas Diamond"
"918",918,"Chris Sale"
"919",919,"Mike Minor"
"920",920,"Marcos Mateo"
"921",921,"Mike McClendon"
"922",922,"Matt Reynolds"
"923",923,"Michael Kirkman"
"924",924,"Jordan Walden"
"925",925,"Scott Maine"
"926",926,"Samuel Deduno"
"927",927,"Aroldis Chapman"
"928",928,"Jeremy Jeffress"
"929",929,"Justin James"
"930",930,"Cory Luebke"
"931",931,"Matt Fox"
"932",932,"Rob Delaney"
"933",933,"Adalberto Mendez"
"934",934,"Jose Ceda"
"935",935,"Robert Coello"
"936",936,"Gregory Infante"
"937",937,"Yunesky Maya"
"938",938,"Dillon Gee"
"939",939,"Zachary Kroenke"
"940",940,"Edgmer Escalona"
"941",941,"Brandon Kintzler"
"942",942,"Mark Rogers"
"943",943,"Joe Bisenius"
"944",944,"Henry Villar"
"945",945,"Bobby Cramer"
"946",946,"Jacob McGee"
"947",947,"Brett Sinkbeil"
"948",948,"Kyle Drabek"
"949",949,"Brandon Beachy"
"950",950,"Troy Patton"
"951",951,"Sandy Rosario"
"952",952,"Vinnie Pestano"
"953",953,"Dan Cortes"
"954",954,"Anthony Varvaro"
"955",955,"Steve Cishek"
"956",956,"Aaron Crow"
"957",957,"Nathan Adcock"
"958",958,"Tim Collins"
"959",959,"Pedro Beato"
"960",960,"Joe Paterson"
"961",961,"Mason Tobin"
"962",962,"Brayan Villarreal"
"963",963,"Aneury Rodriguez"
"964",964,"Brian Broderick"
"965",965,"Zachary Britton"
"966",966,"Michael Crotta"
"967",967,"Josh Lueke"
"968",968,"Tom Wilhelmsen"
"969",969,"Michael Pineda"
"970",970,"Tyler Chatwood"
"971",971,"Eduardo Sanchez"
"972",972,"Al Alburquerque"
"973",973,"Lance Pendleton"
"974",974,"Luis Perez"
"975",975,"Alan Johnson"
"976",976,"Jose G. Valdez"
"977",977,"Josh Collmenter"
"978",978,"Jim Hoey"
"979",979,"Ryan Vogelsong"
"980",980,"Louis Coleman"
"981",981,"Cody Eppley"
"982",982,"Cory Gearrin"
"983",983,"Michael Stutes"
"984",984,"Evan Scribner"
"985",985,"Alex White"
"986",986,"Daniel Moskos"
"987",987,"Alex Cobb"
"988",988,"Brandon Gomes"
"989",989,"Julio Teheran"
"990",990,"Amaury Sanit"
"991",991,"Cole Kimball"
"992",992,"Javy Guerra"
"993",993,"Trystan Magnuson"
"994",994,"Everett Teaford"
"995",995,"Hector Noesi"
"996",996,"Danny Duffy"
"997",997,"Josh Judy"
"998",998,"Charlie Furbush"
"999",999,"Yoshinori Tateyama"
"1000",1000,"Rubby De La Rosa"
"1001",1001,"Wilson Valdez"
"1002",1002,"Adam Wilk"
"1003",1003,"Bruce Billings"
"1004",1004,"Jeremy Horst"
"1005",1005,"Juan Nicasio"
"1006",1006,"Jordan Lyles"
"1007",1007,"Joshua Lindblom"
"1008",1008,"Lance Lynn"
"1009",1009,"Maikel Cleto"
"1010",1010,"Tommy Hottovy"
"1011",1011,"Fautino De Los Santos"
"1012",1012,"Rex Brothers"
"1013",1013,"Brad Hand"
"1014",1014,"Tony Watson"
"1015",1015,"Bryan Shaw"
"1016",1016,"Kevin Whelan"
"1017",1017,"Graham Godfrey"
"1018",1018,"Mike McCoy"
"1019",1019,"Anthony Bass"
"1020",1020,"Ryan Mattheus"
"1021",1021,"Elih Villanueva"
"1022",1022,"Zachary Stewart"
"1023",1023,"Randall Delgado"
"1024",1024,"Juan Perez"
"1025",1025,"Josh Spence"
"1026",1026,"Don Kelly"
"1027",1027,"David Carpenter"
"1028",1028,"Lester Oliveros"
"1029",1029,"Brandon Dickson"
"1030",1030,"Blake Beavan"
"1031",1031,"Hector Santiago"
"1032",1032,"Zach McAllister"
"1033",1033,"Kyle Weiland"
"1034",1034,"Chris Hatcher"
"1035",1035,"Scott Diamond"
"1036",1036,"Alexander Torres"
"1037",1037,"Ryan Cook"
"1038",1038,"Dane De La Rosa"
"1039",1039,"Duane Below"
"1040",1040,"Bryan Petersen"
"1041",1041,"Chance Ruffin"
"1042",1042,"Michael Cuddyer"
"1043",1043,"Steve Garrison"
"1044",1044,"Mitch Maier"
"1045",1045,"Jacob Turner"
"1046",1046,"Erik Hamren"
"1047",1047,"Nathan Eovaldi"
"1048",1048,"Garrett Richards"
"1049",1049,"Arodys Vizcaino"
"1050",1050,"Henry Sosa"
"1051",1051,"Henderson Alvarez"
"1052",1052,"Jerome Williams"
"1053",1053,"Wade Miley"
"1054",1054,"Michael Schwimer"
"1055",1055,"Steve Edlefsen"
"1056",1056,"Joel Carreno"
"1057",1057,"Skip Schumaker"
"1058",1058,"Anthony Vasquez"
"1059",1059,"Aaron Thompson"
"1060",1060,"Darnell McDonald"
"1061",1061,"Eric Surkamp"
"1062",1062,"Juan Abreu"
"1063",1063,"Neil Wagner"
"1064",1064,"Brad Brach"
"1065",1065,"Mark Hamburger"
"1066",1066,"Zachary Phillips"
"1067",1067,"Luis Marte"
"1068",1068,"Nick Hagadone"
"1069",1069,"Corey Kluber"
"1070",1070,"Shane Lindsay"
"1071",1071,"Josh Stinson"
"1072",1072,"Andrew Carignan"
"1073",1073,"Tommy Milone"
"1074",1074,"Addison Reed"
"1075",1075,"Kyle Waldrop"
"1076",1076,"Liam Hendriks"
"1077",1077,"Brad Peacock"
"1078",1078,"Atahualpa Severino"
"1079",1079,"Dylan Axelrod"
"1080",1080,"Jared Hughes"
"1081",1081,"Chris Schwinden"
"1082",1082,"Jeff Locke"
"1083",1083,"George Kontos"
"1084",1084,"Drew Pomeranz"
"1085",1085,"Steve Delabar"
"1086",1086,"John Gaub"
"1087",1087,"Steven Putnam"
"1088",1088,"Daniel Farquhar"
"1089",1089,"Chad Beck"
"1090",1090,"Michael Fiers"
"1091",1091,"Matt Moore"
"1092",1092,"Xavier Cedeno"
"1093",1093,"Justin De Fratus"
"1094",1094,"Joe Savery"
"1095",1095,"Kelvin Herrera"
"1096",1096,"Andrew Brackman"
"1097",1097,"Dellin Betances"
"1098",1098,"Rafael Dolis"
"1099",1099,"Jarrod Parker"
"1100",1100,"Rhiner Cruz"
"1101",1101,"Lucas Luetge"
"1102",1102,"Daniel Otero"
"1103",1103,"Nathan Jones"
"1104",1104,"Robbie Ross"
"1105",1105,"David Phelps"
"1106",1106,"Lendy Castillo"
"1107",1107,"Yu Darvish"
"1108",1108,"Erasmo Ramirez"
"1109",1109,"Wei-Yin Chen"
"1110",1110,"Drew Smyly"
"1111",1111,"Joseph Wieland"
"1112",1112,"Evan Crawford"
"1113",1113,"Hisashi Iwakuma"
"1114",1114,"Pedro Figueroa"
"1115",1115,"Drew Hutchison"
"1116",1116,"Wily Peralta"
"1117",1117,"Thad Weber"
"1118",1118,"Jeremy Hefner"
"1119",1119,"J.J. Hoover"
"1120",1120,"Luke Putkonen"
"1121",1121,"Patrick Corbin"
"1122",1122,"Daniel Jennings"
"1123",1123,"D.J. Mitchell"
"1124",1124,"Travis Blackley"
"1125",1125,"Miles Mikolas"
"1126",1126,"Chris Davis"
"1127",1127,"Jose Quintana"
"1128",1128,"Stuart Pomeranz"
"1129",1129,"Christian Friedrich"
"1130",1130,"Jake Diekman"
"1131",1131,"Blake Parker"
"1132",1132,"Robert Carson"
"1133",1133,"Rob Johnson"
"1134",1134,"Drew Butera"
"1135",1135,"William Smith"
"1136",1136,"Cole De Vries"
"1137",1137,"Jeff Mathis"
"1138",1138,"Chuckie Fick"
"1139",1139,"Miguel Gonzalez"
"1140",1140,"Scott Barnes"
"1141",1141,"Casey Crosby"
"1142",1142,"Samuel Freeman"
"1143",1143,"Stephen Pryor"
"1144",1144,"Elvin Ramirez"
"1145",1145,"Craig Gentry"
"1146",1146,"Sean Doolittle"
"1147",1147,"Shawn Tolleson"
"1148",1148,"Brian Bogusevic"
"1149",1149,"Tanner Scheppers"
"1150",1150,"Jose Ortega"
"1151",1151,"B.J. Rosenberg"
"1152",1152,"Joe Kelly"
"1153",1153,"Bradley Boxberger"
"1154",1154,"Justin Grimm"
"1155",1155,"Dallas Keuchel"
"1156",1156,"Tyler Thornburg"
"1157",1157,"Christopher Archer"
"1158",1158,"A.J. Griffin"
"1159",1159,"Tyler Robertson"
"1160",1160,"Nick Vincent"
"1161",1161,"Martin Perez"
"1162",1162,"Edwar Cabrera"
"1163",1163,"Trevor Bauer"
"1164",1164,"Adam Warren"
"1165",1165,"Dewayne Wise"
"1166",1166,"Leyson Septimo"
"1167",1167,"Barret Browning"
"1168",1168,"Darin Downs"
"1169",1169,"Brian Omogrosso"
"1170",1170,"Samuel Dyson"
"1171",1171,"Josh Edgin"
"1172",1172,"Aaron Loup"
"1173",1173,"Miguel Socolovich"
"1174",1174,"Luis Avilan"
"1175",1175,"Steve Johnson"
"1176",1176,"Stephen Fife"
"1177",1177,"Ryan Verdugo"
"1178",1178,"Pedro Hernandez"
"1179",1179,"Trevor Rosenthal"
"1180",1180,"Cody Allen"
"1181",1181,"Jeff Beliveau"
"1182",1182,"Josh Wall"
"1183",1183,"Matt Harvey"
"1184",1184,"Jim Henderson"
"1185",1185,"Alberto Cabrera"
"1186",1186,"Mickey Storey"
"1187",1187,"Carter Capps"
"1188",1188,"Dan Straily"
"1189",1189,"Cory Burns"
"1190",1190,"Brooks Raley"
"1191",1191,"Chad Jenkins"
"1192",1192,"Will Harris"
"1193",1193,"Tommy Layne"
"1194",1194,"Steven Geltz"
"1195",1195,"Todd Redmond"
"1196",1196,"Kyle McPherson"
"1197",1197,"Justin Wilson"
"1198",1198,"Christopher Rusin"
"1199",1199,"Tyler Skaggs"
"1200",1200,"Andrew Werner"
"1201",1201,"Phillippe Aumont"
"1202",1202,"Collin McHugh"
"1203",1203,"Casey Kelly"
"1204",1204,"Tyler Cloyd"
"1205",1205,"Deunte Heath"
"1206",1206,"Nick Maronde"
"1207",1207,"Jean Machi"
"1208",1208,"Jaye Chapman"
"1209",1209,"Christian Garcia"
"1210",1210,"Alejandro Ramos"
"1211",1211,"Jeurys Familia"
"1212",1212,"Tom Koehler"
"1213",1213,"Shelby Miller"
"1214",1214,"Pedro Villarreal"
"1215",1215,"Tony Cingrani"
"1216",1216,"Paco Rodriguez"
"1217",1217,"Rob Scahill"
"1218",1218,"Bryan Morris"
"1219",1219,"Wilmer Font"
"1220",1220,"Dylan Bundy"
"1221",1221,"Jake Odorizzi"
"1222",1222,"Andrew Taylor"
"1223",1223,"Tyson Brummett"
"1224",1224,"Joseph Ortiz"
"1225",1225,"Kyuji Fujikawa"
"1226",1226,"Scott Rice"
"1227",1227,"Hyunjin Ryu"
"1228",1228,"Joshua Fields"
"1229",1229,"Hector Rondon"
"1230",1230,"Ryan Pressly"
"1231",1231,"Brandon Maurer"
"1232",1232,"T.J. McFarland"
"1233",1233,"Jose Fernandez"
"1234",1234,"Paul Clemens"
"1235",1235,"Nicholas Tepesch"
"1236",1236,"Bobby LaFromboise"
"1237",1237,"Alex Wilson"
"1238",1238,"Michael Roth"
"1239",1239,"Phillip Irwin"
"1240",1240,"Yoervis Medina"
"1241",1241,"Justin Freeman"
"1242",1242,"Hiram Burgos"
"1243",1243,"Brett Oberholtzer"
"1244",1244,"Allen Webster"
"1245",1245,"Jonathan Pettibone"
"1246",1246,"Jose Cisnero"
"1247",1247,"Steven Wright"
"1248",1248,"Bruce Rondon"
"1249",1249,"Matt Magill"
"1250",1250,"Vidal Nuno"
"1251",1251,"Robbie Erlin"
"1252",1252,"Zachary Clark"
"1253",1253,"Ryan Brasier"
"1254",1254,"Carlos Matias"
"1255",1255,"Michael Maness"
"1256",1256,"Preston Claiborne"
"1257",1257,"Burch Smith"
"1258",1258,"Jose De La Torre"
"1259",1259,"John Gast"
"1260",1260,"Brett Marshall"
"1261",1261,"Alberto Gonzalez"
"1262",1262,"Evan Reed"
"1263",1263,"Caleb Thielbar"
"1264",1264,"Cory Rasmus"
"1265",1265,"Tyler Lyons"
"1266",1266,"Kevin Gausman"
"1267",1267,"Sean Nolin"
"1268",1268,"Donovan Hand"
"1269",1269,"Nathan Karns"
"1270",1270,"Michael Kickham"
"1271",1271,"Michael Wacha"
"1272",1272,"Alexander Colome"
"1273",1273,"Alex Wood"
"1274",1274,"Keith Butler"
"1275",1275,"Matthew Langwell"
"1276",1276,"Erik Davis"
"1277",1277,"Edgar Olmos"
"1278",1278,"Ryan Reid"
"1279",1279,"David Murphy"
"1280",1280,"Ian Krol"
"1281",1281,"Kevin Siegrist"
"1282",1282,"Jose Alvarez"
"1283",1283,"Curtis Partch"
"1284",1284,"Charles Brewer"
"1285",1285,"Gerrit Cole"
"1286",1286,"Chris Withrow"
"1287",1287,"Brandon Cumpton"
"1288",1288,"Jake Dunning"
"1289",1289,"Zach Wheeler"
"1290",1290,"Zeke Spruill"
"1291",1291,"Michael Blazek"
"1292",1292,"Juan Ramirez"
"1293",1293,"Duke Welker"
"1294",1294,"Casper Wells"
"1295",1295,"John Hellweg"
"1296",1296,"Kyle Gibson"
"1297",1297,"Taylor Jordan"
"1298",1298,"Jose Dominguez"
"1299",1299,"Anthony Recker"
"1300",1300,"Chaz Roe"
"1301",1301,"Simon Castro"
"1302",1302,"Brandon Workman"
"1303",1303,"Sonny Gray"
"1304",1304,"Preston Guilmet"
"1305",1305,"Luis Garcia"
"1306",1306,"Donnie Joseph"
"1307",1307,"Michael Tonkin"
"1308",1308,"Danny Salazar"
"1309",1309,"Jarred Cosart"
"1310",1310,"Gonzalez Germen"
"1311",1311,"Chen Lee"
"1312",1312,"Eury De La Rosa"
"1313",1313,"Colt Hynes"
"1314",1314,"Drake Britton"
"1315",1315,"Victor Black"
"1316",1316,"Robert Wooten"
"1317",1317,"Andre Rienzo"
"1318",1318,"Josh Zeid"
"1319",1319,"Steven Ames"
"1320",1320,"Chia-Jen Lo"
"1321",1321,"Chad Bettis"
"1322",1322,"Ethan Martin"
"1323",1323,"Jamey Carroll"
"1324",1324,"Andrew Albers"
"1325",1325,"Tanner Roark"
"1326",1326,"Ryan Raburn"
"1327",1327,"Charles Leesman"
"1328",1328,"Josh Harrison"
"1329",1329,"Kevin Chapman"
"1330",1330,"Jorge De Leon"
"1331",1331,"Jeffrey Boshers"
"1332",1332,"Arquimedes Caminero"
"1333",1333,"Kris Johnson"
"1334",1334,"Jacob Elmore"
"1335",1335,"David Martinez"
"1336",1336,"Jake Petricka"
"1337",1337,"Nick Christiani"
"1338",1338,"John McDonald"
"1339",1339,"David Holmberg"
"1340",1340,"Taijuan Walker"
"1341",1341,"Cesar Cabral"
"1342",1342,"Sam Fuld"
"1343",1343,"Zachary Rosscup"
"1344",1344,"Heath Hembree"
"1345",1345,"Mauricio Robles"
"1346",1346,"Erik Johnson"
"1347",1347,"Daniel Webb"
"1348",1348,"Brian Flynn"
"1349",1349,"Stolmy Pimentel"
"1350",1350,"Jimmy Nelson"
"1351",1351,"Chang Yong Lim"
"1352",1352,"James Paxton"
"1353",1353,"Onelkis Garcia"
"1354",1354,"David Hale"
"1355",1355,"Yordano Ventura"
"1356",1356,"Matt Shoemaker"
"1357",1357,"Enny Romero"
"1358",1358,"Christopher Dwyer"
"1359",1359,"Michael Belfiore"
"1360",1360,"Neil Ramirez"
"1361",1361,"Willy Paredes"
"1362",1362,"Marcus Hatley"
"1363",1363,"Enrique Burgos"
"1364",1364,"Joseph Ross"
"1365",1365,"Jorge Reyes"
"1366",1366,"Anthony Carter"
"1367",1367,"Dennis O'Grady"
"1368",1368,"Nicholas Tropeano"
"1369",1369,"Michael Foltynewicz"
"1370",1370,"Ross Seaton"
"1371",1371,"Seth Rosin"
"1372",1372,"Dustin Molleken"
"1373",1373,"Jeremy Berg"
"1374",1374,"Red Patterson"
"1375",1375,"Cameron Bedrosian"
"1376",1376,"Aaron Sanchez"
"1377",1377,"Cody Satterwhite"
"1378",1378,"Adam Kolarek"
"1379",1379,"Stephen Kohlscheen"
"1380",1380,"Mayckol Guaipe"
"1381",1381,"Brooks Brown"
"1382",1382,"Chris Martin"
"1383",1383,"Tomas Solis"
"1384",1384,"Oscar Verdugo"
"1385",1385,"Edward Valdez"
"1386",1386,"Jose Cobos"
"1387",1387,"Rafael Cova"
"1388",1388,"Ian Thomas"
"1389",1389,"Gus Schlosser"
"1390",1390,"Aaron Barrett"
"1391",1391,"Mario Hollands"
"1392",1392,"Donn Roach"
"1393",1393,"Thomas Kahnle"
"1394",1394,"Roenis Elias"
"1395",1395,"Masahiro Tanaka"
"1396",1396,"Nicholas Martinez"
"1397",1397,"Dominic Leone"
"1398",1398,"Michael Mariot"
"1399",1399,"Blake Treinen"
"1400",1400,"Michael Bolsinger"
"1401",1401,"Wei-Chung Wang"
"1402",1402,"Leury Garcia"
"1403",1403,"C.J. Riefenhauser"
"1404",1404,"Dean Anna"
"1405",1405,"Justin Marks"
"1406",1406,"Eric Fornataro"
"1407",1407,"Shane Greene"
"1408",1408,"Mike Carp"
"1409",1409,"Kevin Quackenbush"
"1410",1410,"Scott Carroll"
"1411",1411,"Mike Morin"
"1412",1412,"Martin Maldonado"
"1413",1413,"Casey Sadler"
"1414",1414,"Aaron Brooks"
"1415",1415,"Marcus Stroman"
"1416",1416,"Pedro Baez"
"1417",1417,"Evan Marshall"
"1418",1418,"Robbie Ray"
"1419",1419,"Logan Darnell"
"1420",1420,"Mitchell Moreland"
"1421",1421,"Chase Anderson"
"1422",1422,"Daniel Descalso"
"1423",1423,"Steven Tolleson"
"1424",1424,"Anthony DeSclafani"
"1425",1425,"Rafael Montero"
"1426",1426,"Jacob DeGrom"
"1427",1427,"Chase Whitley"
"1428",1428,"Kyle Crockett"
"1429",1429,"T.J. House"
"1430",1430,"Lyle Overbay"
"1431",1431,"Rob Rasmussen"
"1432",1432,"Daniel Worth"
"1433",1433,"Rudy Owens"
"1434",1434,"David Buchanan"
"1435",1435,"Corey Knebel"
"1436",1436,"Jarrett Grube"
"1437",1437,"Shae Simmons"
"1438",1438,"Wilking Rodriguez"
"1439",1439,"Jesse Hahn"
"1440",1440,"Jason Lane"
"1441",1441,"Jose Ramirez"
"1442",1442,"Eddie Butler"
"1443",1443,"Kirby Yates"
"1444",1444,"Christian Bergman"
"1445",1445,"Tyler Matzek"
"1446",1446,"Kenneth Giles"
"1447",1447,"Ben Rowen"
"1448",1448,"Blaine Hardy"
"1449",1449,"Nick Greenwood"
"1450",1450,"Travis Snider"
"1451",1451,"Yohan Pino"
"1452",1452,"Matthew Stites"
"1453",1453,"Andrew Heaney"
"1454",1454,"Juan Jaime"
"1455",1455,"Ryan Buchter"
"1456",1456,"Jose Diaz"
"1457",1457,"Jake Buchanan"
"1458",1458,"Carlos Contreras"
"1459",1459,"Patrick McCoy"
"1460",1460,"Chad Smith"
"1461",1461,"Odrisamer Despaigne"
"1462",1462,"Yohan Flande"
"1463",1463,"Marco Gonzales"
"1464",1464,"Taylor Hill"
"1465",1465,"Dallas Beeler"
"1466",1466,"Jorge Rondon"
"1467",1467,"Roman Mendez"
"1468",1468,"Matthew West"
"1469",1469,"Chris Gimenez"
"1470",1470,"Drew Rucinski"
"1471",1471,"Kyle Hendricks"
"1472",1472,"Austin Adams"
"1473",1473,"Chris R. Young"
"1474",1474,"Drew VerHagen"
"1475",1475,"Chasen Shreve"
"1476",1476,"Taylor Thompson"
"1477",1477,"Tsuyoshi Wada"
"1478",1478,"Bo Schultz"
"1479",1479,"John Baker"
"1480",1480,"Anthony Ranaudo"
"1481",1481,"Phil Klein"
"1482",1482,"Carlos Frias"
"1483",1483,"Hector Neris"
"1484",1484,"Adam Dunn"
"1485",1485,"Trevor May"
"1486",1486,"Bryan Mitchell"
"1487",1487,"Buck Farmer"
"1488",1488,"Alexander Claudio"
"1489",1489,"J.P. Arencibia"
"1490",1490,"Bradin Hagens"
"1491",1491,"Jon Edwards"
"1492",1492,"Melvin Mercedez"
"1493",1493,"Frank Garces"
"1494",1494,"Andrew Romine"
"1495",1495,"Kyle Lobstein"
"1496",1496,"Daniel Corcino"
"1497",1497,"Edwin Escobar"
"1498",1498,"Bryan Price"
"1499",1499,"Erik Goeddel"
"1500",1500,"Carson Smith"
"1501",1501,"Hunter Strickland"
"1502",1502,"Yimi Garcia"
"1503",1503,"Ryan Dennick"
"1504",1504,"John Holdzkom"
"1505",1505,"Leonel Campos"
"1506",1506,"R.J. Alvarez"
"1507",1507,"Scott Snodgress"
"1508",1508,"Chris Bassitt"
"1509",1509,"Adam Achter"
"1510",1510,"Dario Alvarez"
"1511",1511,"Miguel Alfredo Gonzalez"
"1512",1512,"Erik Cordier"
"1513",1513,"Spencer Patton"
"1514",1514,"Lisalberto Bonilla"
"1515",1515,"Kyle Ryan"
"1516",1516,"Daniel Norris"
"1517",1517,"Kendall Graveman"
"1518",1518,"Brandon Finnegan"
"1519",1519,"Eric Jokisch"
"1520",1520,"Matt Barnes"
"1521",1521,"Samuel Tuivailala"
"1522",1522,"Jairo Diaz"
"1523",1523,"Brett Bochy"
"1524",1524,"Christopher Heston"
"1525",1525,"Daniel Coulombe"
"1526",1526,"Andrew Chafin"
"1527",1527,"Miguel Castro"
"1528",1528,"J.R. Graham"
"1529",1529,"Brandon Cunniff"
"1530",1530,"Cody Martin"
"1531",1531,"Keone Kela"
"1532",1532,"Tyler Olson"
"1533",1533,"Angel Nesbitt"
"1534",1534,"Roberto Osuna"
"1535",1535,"Jason Garcia"
"1536",1536,"Logan Verrett"
"1537",1537,"Randall Wojciechowski"
"1538",1538,"Matthew Andriese"
"1539",1539,"Sean Gilmartin"
"1540",1540,"Matthew Tracy"
"1541",1541,"Archie Bradley"
"1542",1542,"Raciel Iglesias"
"1543",1543,"Andrew McKirahan"
"1544",1544,"AJ Schugel"
"1545",1545,"Chris Rearick"
"1546",1546,"Sugar Ray Marimon"
"1547",1547,"Jose Urena"
"1548",1548,"Scott Oberg"
"1549",1549,"Rafael Martin"
"1550",1550,"Branden Pinder"
"1551",1551,"Felipe Rivero"
"1552",1552,"Adam Liberatore"
"1553",1553,"Ike Davis"
"1554",1554,"Matthew Grace"
"1555",1555,"Arnold Leon"
"1556",1556,"Hansel Robles"
"1557",1557,"Mitchell Harris"
"1558",1558,"Cory Mazzoni"
"1559",1559,"A.J. Cole"
"1560",1560,"Severino Gonzalez"
"1561",1561,"Michael Lorenzen"
"1562",1562,"John Leathersich"
"1563",1563,"John Cornely"
"1564",1564,"Tim Cooney"
"1565",1565,"Sammy Solis"
"1566",1566,"Scott Copeland"
"1567",1567,"Kenneth Roberts"
"1568",1568,"Dalier Hinojosa"
"1569",1569,"Elvis Araujo"
"1570",1570,"Williams Perez"
"1571",1571,"Andrew Bellatti"
"1572",1572,"David Ross"
"1573",1573,"Angel Castro"
"1574",1574,"Ryan Tepera"
"1575",1575,"Noah Syndergaard"
"1576",1576,"Clint Robinson"
"1577",1577,"Mike Wright"
"1578",1578,"Lance McCullers"
"1579",1579,"Tyler Wilson"
"1580",1580,"Garrett Jones"
"1581",1581,"Oliver Drake"
"1582",1582,"Jacob Lindgren"
"1583",1583,"David Goforth"
"1584",1584,"Chris Beck"
"1585",1585,"Eduardo Rodriguez"
"1586",1586,"Alex Gonzalez"
"1587",1587,"Tyler Wagner"
"1588",1588,"Michael Feliz"
"1589",1589,"Josh Ravin"
"1590",1590,"Tyler Cravy"
"1591",1591,"Edgar Ibarra"
"1592",1592,"Mike Montgomery"
"1593",1593,"Pat Venditte"
"1594",1594,"Jonathan Moscot"
"1595",1595,"Kendry Flores"
"1596",1596,"Taylor Jungmann"
"1597",1597,"Junior Guerra"
"1598",1598,"Jesus Sucre"
"1599",1599,"Michael Broadway"
"1600",1600,"Trevor Gott"
"1601",1601,"Vincent Velasquez"
"1602",1602,"Jeff Francoeur"
"1603",1603,"Nick Franklin"
"1604",1604,"Akeel Morris"
"1605",1605,"Alexi Amarista"
"1606",1606,"Matthew Wisler"
"1607",1607,"Justin Nicolino"
"1608",1608,"Dan Burawa"
"1609",1609,"Jose De Paula"
"1610",1610,"Cody Anderson"
"1611",1611,"Adam Morgan"
"1612",1612,"Diego Moreno"
"1613",1613,"Josh Smith"
"1614",1614,"Nick Rumbelow"
"1615",1615,"Mychal Givens"
"1616",1616,"Jonathan Aro"
"1617",1617,"Adam Rosales"
"1618",1618,"Alex Meyer"
"1619",1619,"Matt Boyd"
"1620",1620,"Deolis Guerra"
"1621",1621,"Steven Matz"
"1622",1622,"Tooru Murata"
"1623",1623,"Jacob Brigham"
"1624",1624,"William Kelly"
"1625",1625,"Manny Banuelos"
"1626",1626,"Josh Osich"
"1627",1627,"Noe Ramirez"
"1628",1628,"Jeff Ferrell"
"1629",1629,"David Rollins"
"1630",1630,"Ryan O'Rourke"
"1631",1631,"Chin-hui Tsao"
"1632",1632,"Adam Conley"
"1633",1633,"Abel De Los Santos"
"1634",1634,"Aaron Nola"
"1635",1635,"Brian Johnson"
"1636",1636,"Zack Godley"
"1637",1637,"Zach Lee"
"1638",1638,"Caleb Cotham"
"1639",1639,"Keyvius Sampson"
"1640",1640,"Jaff Decker"
"1641",1641,"Nick Goody"
"1642",1642,"Matt Marksberry"
"1643",1643,"Jose Valdez"
"1644",1644,"Adam LaRoche"
"1645",1645,"Chris Reed"
"1646",1646,"Brian Ellington"
"1647",1647,"Henry Owens"
"1648",1648,"Jonathan Gray"
"1649",1649,"Tyler Moore"
"1650",1650,"Luis Severino"
"1651",1651,"Tyler Duffey"
"1652",1652,"Kyle Barraclough"
"1653",1653,"Shane Robinson"
"1654",1654,"Shawn Armstrong"
"1655",1655,"Keith Hessler"
"1656",1656,"Colin Rea"
"1657",1657,"John Lamb"
"1658",1658,"Chris Denorfia"
"1659",1659,"Scott McGough"
"1660",1660,"Jerad Eickhoff"
"1661",1661,"Guido Knudson"
"1662",1662,"Brendan Ryan"
"1663",1663,"Jonny Gomes"
"1664",1664,"Jason Gurka"
"1665",1665,"Alec Asher"
"1666",1666,"Silvino Bracho"
"1667",1667,"Andrew Faulkner"
"1668",1668,"Miguel Almonte"
"1669",1669,"Ryan Dull"
"1670",1670,"Colton Murray"
"1671",1671,"Francellis Montas"
"1672",1672,"Scott Alexander"
"1673",1673,"Zachary Davies"
"1674",1674,"Cody Hall"
"1675",1675,"Anthony Zych"
"1676",1676,"Luke Jackson"
"1677",1677,"James Pazos"
"1678",1678,"Ariel Pena"
"1679",1679,"Giovany Soto"
"1680",1680,"Raudel Lazo"
"1681",1681,"C.J. Edwards"
"1682",1682,"James Weber"
"1683",1683,"Nefi Ogando"
"1684",1684,"Jay Jackson"
"1685",1685,"Alexei Ramirez"
"1686",1686,"Daniel Winkler"
"1687",1687,"Jonathan Barrios"
"1688",1688,"Adrian Houser"
"1689",1689,"Jorge Lopez"
"1690",1690,"Ichiro Suzuki"
